{
  "1": 0.8603603603603603,
  "3": 0.8648648648648649
}