{
  "total": 222,
  "ok": 222,
  "coverage": 1.0,
  "corpus_bleu": 1.0283355004948305,
  "avg_sentence_bleu": 1.0731954122473235,
  "avg_bert_f1": 0.5869377952169728
}